P,urn:nasa:pds:context:investigation:field_campaign.dd_eldorado_nv_2015::1.0
P,urn:nasa:pds:context:investigation:individual.campbell_venus_radar::1.0
P,urn:nasa:pds:context:investigation:individual.carbonate_refractive_indices::1.0
P,urn:nasa:pds:context:investigation:individual.catalina_sky_survey::1.0
P,urn:nasa:pds:context:investigation:individual.greeley_35mm_slides::1.0
P,urn:nasa:pds:context:investigation:individual.greeley_field_amboycrater::1.0
P,urn:nasa:pds:context:investigation:individual.lab_shocked_feldspars::1.0
P,urn:nasa:pds:context:investigation:individual.lab_shocked_feldspars::2.0
P,urn:nasa:pds:context:investigation:individual.near_earth_asteroid_tracking::1.0
P,urn:nasa:pds:context:investigation:individual.none::1.0
P,urn:nasa:pds:context:investigation:individual.spacewatch::1.0
P,urn:nasa:pds:context:investigation:individual_investigation.lab.hydrocarbon_spectra::1.0
P,urn:nasa:pds:context:investigation:mission.2001_mars_odyssey::1.0
P,urn:nasa:pds:context:investigation:mission.apollo_11::1.0
P,urn:nasa:pds:context:investigation:mission.apollo_12::1.0
P,urn:nasa:pds:context:investigation:mission.apollo_12::1.1
P,urn:nasa:pds:context:investigation:mission.apollo_14::1.0
P,urn:nasa:pds:context:investigation:mission.apollo_14::1.1
P,urn:nasa:pds:context:investigation:mission.apollo_15::1.0
P,urn:nasa:pds:context:investigation:mission.apollo_15::1.1
P,urn:nasa:pds:context:investigation:mission.apollo_16::1.0
P,urn:nasa:pds:context:investigation:mission.apollo_16::1.1
P,urn:nasa:pds:context:investigation:mission.apollo_17::1.0
P,urn:nasa:pds:context:investigation:mission.apollo_17::1.1
P,urn:nasa:pds:context:investigation:mission.bopps::1.0
P,urn:nasa:pds:context:investigation:mission.cassini-huygens::1.0
P,urn:nasa:pds:context:investigation:mission.cassini-huygens::1.1
P,urn:nasa:pds:context:investigation:mission.cassini-huygens::1.2
P,urn:nasa:pds:context:investigation:mission.cassini-huygens::1.3
P,urn:nasa:pds:context:investigation:mission.chandrayaan-1::1.0
P,urn:nasa:pds:context:investigation:mission.chandrayaan-1::1.1
P,urn:nasa:pds:context:investigation:mission.comet_sl9-jupiter_collision::1.0
P,urn:nasa:pds:context:investigation:mission.comet_sl9-jupiter_collision::1.1
P,urn:nasa:pds:context:investigation:mission.comet_sl9-jupiter_collision::1.2
P,urn:nasa:pds:context:investigation:mission.contour_mission::1.0
P,urn:nasa:pds:context:investigation:mission.dawn_mission_to_vesta_and_ceres::1.0
P,urn:nasa:pds:context:investigation:mission.dawn_mission_to_vesta_and_ceres::1.1
P,urn:nasa:pds:context:investigation:mission.deep_impact::1.0
P,urn:nasa:pds:context:investigation:mission.deep_impact::1.1
P,urn:nasa:pds:context:investigation:mission.deep_space_1::1.0
P,urn:nasa:pds:context:investigation:mission.deep_space_1::1.1
P,urn:nasa:pds:context:investigation:mission.deep_space_program_science_experiment::1.0
P,urn:nasa:pds:context:investigation:mission.deep_space_program_science_experiment::1.1
P,urn:nasa:pds:context:investigation:mission.double_asteroid_redirection_test::1.0
P,urn:nasa:pds:context:investigation:mission.epoxi::1.0
P,urn:nasa:pds:context:investigation:mission.epoxi::1.1
P,urn:nasa:pds:context:investigation:mission.galileo::1.0
P,urn:nasa:pds:context:investigation:mission.galileo::1.1
P,urn:nasa:pds:context:investigation:mission.giotto::1.0
P,urn:nasa:pds:context:investigation:mission.giotto::1.1
P,urn:nasa:pds:context:investigation:mission.giotto_extended_mission::1.0
P,urn:nasa:pds:context:investigation:mission.giotto_extended_mission::1.1
P,urn:nasa:pds:context:investigation:mission.gravity_recovery_and_interior_laboratory::1.0
P,urn:nasa:pds:context:investigation:mission.gravity_recovery_and_interior_laboratory::1.1
P,urn:nasa:pds:context:investigation:mission.hayabusa::1.0
P,urn:nasa:pds:context:investigation:mission.hayabusa::1.1
P,urn:nasa:pds:context:investigation:mission.hst::1.0
P,urn:nasa:pds:context:investigation:mission.hst::1.1
P,urn:nasa:pds:context:investigation:mission.infrared_astronomical_satellite::1.0
P,urn:nasa:pds:context:investigation:mission.insight::1.0
P,urn:nasa:pds:context:investigation:mission.insight::2.0
P,urn:nasa:pds:context:investigation:mission.international_cometary_explorer::1.0
P,urn:nasa:pds:context:investigation:mission.international_cometary_explorer::1.1
P,urn:nasa:pds:context:investigation:mission.international_rosetta_mission::1.0
P,urn:nasa:pds:context:investigation:mission.international_rosetta_mission::1.1
P,urn:nasa:pds:context:investigation:mission.international_ultraviolet_explorer::1.0
P,urn:nasa:pds:context:investigation:mission.iue::1.0
P,urn:nasa:pds:context:investigation:mission.juno::1.0
P,urn:nasa:pds:context:investigation:mission.juno::2.0
P,urn:nasa:pds:context:investigation:mission.juno::2.1
P,urn:nasa:pds:context:investigation:mission.kaguya::1.0
P,urn:nasa:pds:context:investigation:mission.ladee::1.0
P,urn:nasa:pds:context:investigation:mission.ladee::1.2
P,urn:nasa:pds:context:investigation:mission.light_italian_cubesat_for_imaging_of_asteroids::1.0
P,urn:nasa:pds:context:investigation:mission.lunar_crater_observation_and_sensing_satellite::1.0
P,urn:nasa:pds:context:investigation:mission.lunar_crater_observation_and_sensing_satellite::1.1
P,urn:nasa:pds:context:investigation:mission.lunar_prospector::1.1
P,urn:nasa:pds:context:investigation:mission.lunar_reconnaissance_orbiter::1.0
P,urn:nasa:pds:context:investigation:mission.lunar_reconnaissance_orbiter::1.1
P,urn:nasa:pds:context:investigation:mission.magellan::1.0
P,urn:nasa:pds:context:investigation:mission.mariner69::1.0
P,urn:nasa:pds:context:investigation:mission.mariner69::1.1
P,urn:nasa:pds:context:investigation:mission.mariner71::1.0
P,urn:nasa:pds:context:investigation:mission.mariner_10::1.0
P,urn:nasa:pds:context:investigation:mission.mars2020::1.0
P,urn:nasa:pds:context:investigation:mission.mars_exploration_rover::1.0
P,urn:nasa:pds:context:investigation:mission.mars_express::1.0
P,urn:nasa:pds:context:investigation:mission.mars_global_surveyor::1.0
P,urn:nasa:pds:context:investigation:mission.mars_global_surveyor::1.1
P,urn:nasa:pds:context:investigation:mission.mars_observer::1.0
P,urn:nasa:pds:context:investigation:mission.mars_pathfinder::1.0
P,urn:nasa:pds:context:investigation:mission.mars_pathfinder::1.1
P,urn:nasa:pds:context:investigation:mission.mars_reconnaissance_orbiter::1.0
P,urn:nasa:pds:context:investigation:mission.mars_science_laboratory::1.0
P,urn:nasa:pds:context:investigation:mission.maven::1.0
P,urn:nasa:pds:context:investigation:mission.messenger::1.0
P,urn:nasa:pds:context:investigation:mission.messenger::1.1
P,urn:nasa:pds:context:investigation:mission.midcourse_space_experiment::1.0
P,urn:nasa:pds:context:investigation:mission.midcourse_space_experiment::1.1
P,urn:nasa:pds:context:investigation:mission.near_earth_asteroid_rendezvous::1.0
P,urn:nasa:pds:context:investigation:mission.near_earth_asteroid_rendezvous::1.1
P,urn:nasa:pds:context:investigation:mission.neowise::1.0
P,urn:nasa:pds:context:investigation:mission.new_horizons::1.0
P,urn:nasa:pds:context:investigation:mission.new_horizons::1.1
P,urn:nasa:pds:context:investigation:mission.next::1.0
P,urn:nasa:pds:context:investigation:mission.next::1.1
P,urn:nasa:pds:context:investigation:mission.orex::1.0
P,urn:nasa:pds:context:investigation:mission.orex::1.1
P,urn:nasa:pds:context:investigation:mission.phobos_2::1.0
P,urn:nasa:pds:context:investigation:mission.phobos_2::1.1
P,urn:nasa:pds:context:investigation:mission.phoenix::1.0
P,urn:nasa:pds:context:investigation:mission.phoenix::1.1
P,urn:nasa:pds:context:investigation:mission.pioneer::1.0
P,urn:nasa:pds:context:investigation:mission.pioneer_10::1.0
P,urn:nasa:pds:context:investigation:mission.pioneer_11::1.0
P,urn:nasa:pds:context:investigation:mission.pioneer_8::1.0
P,urn:nasa:pds:context:investigation:mission.pioneer_9::1.0
P,urn:nasa:pds:context:investigation:mission.pioneer_venus::1.0
P,urn:nasa:pds:context:investigation:mission.pre-magellan::1.0
P,urn:nasa:pds:context:investigation:mission.pre-magellan::1.1
P,urn:nasa:pds:context:investigation:mission.sakigake::1.0
P,urn:nasa:pds:context:investigation:mission.sakigake::1.1
P,urn:nasa:pds:context:investigation:mission.saturn_ring_plane_crossing_1995::1.0
P,urn:nasa:pds:context:investigation:mission.saturn_ring_plane_crossing_1995::1.1
P,urn:nasa:pds:context:investigation:mission.saturn_small_satellite_astrometry::1.0
P,urn:nasa:pds:context:investigation:mission.saturn_small_satellite_astrometry::1.1
P,urn:nasa:pds:context:investigation:mission.solar_and_heliospheric_observatory::1.0
P,urn:nasa:pds:context:investigation:mission.spitzer::1.0
P,urn:nasa:pds:context:investigation:mission.stardust::1.0
P,urn:nasa:pds:context:investigation:mission.stardust::1.1
P,urn:nasa:pds:context:investigation:mission.suisei::1.0
P,urn:nasa:pds:context:investigation:mission.suisei::1.1
P,urn:nasa:pds:context:investigation:mission.ulysses::1.0
P,urn:nasa:pds:context:investigation:mission.vega_1::1.0
P,urn:nasa:pds:context:investigation:mission.vega_1::1.1
P,urn:nasa:pds:context:investigation:mission.vega_2::1.0
P,urn:nasa:pds:context:investigation:mission.vega_2::1.1
P,urn:nasa:pds:context:investigation:mission.venera_15_and_16::1.0
P,urn:nasa:pds:context:investigation:mission.venus_express::1.0
P,urn:nasa:pds:context:investigation:mission.viking::1.0
P,urn:nasa:pds:context:investigation:mission.viking::1.1
P,urn:nasa:pds:context:investigation:mission.voyager::1.0
P,urn:nasa:pds:context:investigation:mission.voyager::1.1
P,urn:nasa:pds:context:investigation:mission.wise::1.0
P,urn:nasa:pds:context:investigation:observing_campaign.earth-based-uranus-stellar-occultations::1.0
P,urn:nasa:pds:context:investigation:observing_campaign.irtf_io::1.0
P,urn:nasa:pds:context:investigation:observing_campaign.irtf_io::1.1
P,urn:nasa:pds:context:investigation:observing_campaign.jupiter_support::1.0
P,urn:nasa:pds:context:investigation:observing_campaign.jupiter_support::1.1
P,urn:nasa:pds:context:investigation:observing_campaign.lowell_uranus-neptune-photometry::1.0
P,urn:nasa:pds:context:investigation:observing_campaign.mcmath-pierce_mercury::1.0
P,urn:nasa:pds:context:investigation:other_investigation.astromat_data::1.0
P,urn:nasa:pds:context:investigation:other_investigation.geodesy::1.0
P,urn:nasa:pds:context:investigation:other_investigation.hot_ion_atmos_escape::1.0
P,urn:nasa:pds:context:investigation:other_investigation.media.dsn::1.0
P,urn:nasa:pds:context:investigation:other_investigation.relab_speclib::1.0
P,urn:nasa:pds:context:investigation:other_investigation.wt_threshold::1.0
